{"cameraMode":{"drawMode":0,"name":"Shaded","section":"Shading Mode"},"sceneLighting":true,"audioPlay":false,"sceneViewState":{"showFog":true,"showMaterialUpdate":false,"showSkybox":true,"showFlares":true,"showImageEffects":true,"showParticleSystems":true},"in2DMode":false,"pivot":{"x":-16.256412506103517,"y":1.076415777206421,"z":9.757568359375},"rotation":{"x":0.2858071029186249,"y":0.48221397399902346,"z":-0.17004254460334779,"w":0.8105217814445496},"size":23.896812438964845,"orthographic":true}