{"cameraMode":{"drawMode":0,"name":"Shaded","section":"Shading Mode"},"sceneLighting":false,"audioPlay":false,"sceneViewState":{"showFog":true,"showMaterialUpdate":false,"showSkybox":false,"showFlares":true,"showImageEffects":true,"showParticleSystems":true},"in2DMode":false,"pivot":{"x":411.61431884765627,"y":137.1539306640625,"z":113.76609802246094},"rotation":{"x":0.29164689779281618,"y":0.11584977060556412,"z":-0.03560600057244301,"w":0.9488258957862854},"size":562.302978515625,"orthographic":false}