{"cameraMode":{"drawMode":0,"name":"Shaded","section":"Shading Mode"},"sceneLighting":true,"audioPlay":false,"sceneViewState":{"showFog":true,"showMaterialUpdate":false,"showSkybox":true,"showFlares":true,"showImageEffects":true,"showParticleSystems":true},"in2DMode":false,"pivot":{"x":-40.10223388671875,"y":3.7034525871276857,"z":11.674196243286133},"rotation":{"x":0.22384577989578248,"y":0.28590819239616396,"z":-0.06887546181678772,"w":0.9291977286338806},"size":16.803884506225587,"orthographic":true}