{"cameraMode":{"drawMode":0,"name":"Shaded","section":"Shading Mode"},"sceneLighting":true,"audioPlay":false,"sceneViewState":{"showFog":true,"showMaterialUpdate":false,"showSkybox":true,"showFlares":true,"showImageEffects":true,"showParticleSystems":true},"in2DMode":false,"pivot":{"x":420.7813415527344,"y":217.93734741210938,"z":-24.709392547607423},"rotation":{"x":0.017668288201093675,"y":-0.19079159200191499,"z":0.00343461986631155,"w":0.9814654588699341},"size":538.0531005859375,"orthographic":true}