{"cameraMode":{"drawMode":0,"name":"Shaded","section":"Shading Mode"},"sceneLighting":true,"audioPlay":false,"sceneViewState":{"showFog":true,"showMaterialUpdate":false,"showSkybox":true,"showFlares":true,"showImageEffects":true,"showParticleSystems":true},"in2DMode":false,"pivot":{"x":-8.683399200439454,"y":0.25612592697143557,"z":7.054343223571777},"rotation":{"x":0.22384577989578248,"y":0.28590819239616396,"z":-0.06887546181678772,"w":0.9291977286338806},"size":55.95474624633789,"orthographic":true}