{"cameraMode":{"drawMode":0,"name":"Shaded","section":"Shading Mode"},"sceneLighting":false,"audioPlay":false,"sceneViewState":{"showFog":true,"showMaterialUpdate":false,"showSkybox":false,"showFlares":true,"showImageEffects":true,"showParticleSystems":true},"in2DMode":false,"pivot":{"x":5.960464477539063e-8,"y":0.41941750049591067,"z":0.0},"rotation":{"x":-0.05877463519573212,"y":-0.006891037803143263,"z":0.0004049619601573795,"w":-0.9982518553733826},"size":5.411489009857178,"orthographic":false}