{"cameraMode":{"drawMode":0,"name":"Shaded","section":"Shading Mode"},"sceneLighting":true,"audioPlay":false,"sceneViewState":{"showFog":true,"showMaterialUpdate":false,"showSkybox":true,"showFlares":true,"showImageEffects":true,"showParticleSystems":true},"in2DMode":false,"pivot":{"x":-13.220953941345215,"y":4.420639514923096,"z":6.096591949462891},"rotation":{"x":0.18320532143115998,"y":0.5692082643508911,"z":-0.1319059133529663,"w":0.790614664554596},"size":74.29705810546875,"orthographic":false}