{"cameraMode":{"drawMode":0,"name":"Shaded","section":"Shading Mode"},"sceneLighting":true,"audioPlay":false,"sceneViewState":{"showFog":true,"showMaterialUpdate":false,"showSkybox":true,"showFlares":true,"showImageEffects":true,"showParticleSystems":true},"in2DMode":false,"pivot":{"x":-16.246240615844728,"y":4.6953125,"z":3.2760229110717775},"rotation":{"x":0.26672518253326418,"y":0.577113926410675,"z":-0.2070068120956421,"w":0.7436029314994812},"size":66.96522521972656,"orthographic":true}