{"cameraMode":{"drawMode":0,"name":"Shaded","section":"Shading Mode"},"sceneLighting":false,"audioPlay":false,"sceneViewState":{"showFog":true,"showMaterialUpdate":false,"showSkybox":false,"showFlares":true,"showImageEffects":true,"showParticleSystems":true},"in2DMode":false,"pivot":{"x":-8.683399200439454,"y":0.256125807762146,"z":7.054342746734619},"rotation":{"x":0.22384577989578248,"y":0.28590819239616396,"z":-0.06887546181678772,"w":0.9291977286338806},"size":55.95473861694336,"orthographic":true}