{"cameraMode":{"drawMode":0,"name":"Shaded","section":"Shading Mode"},"sceneLighting":true,"audioPlay":false,"sceneViewState":{"showFog":true,"showMaterialUpdate":false,"showSkybox":true,"showFlares":true,"showImageEffects":true,"showParticleSystems":true},"in2DMode":false,"pivot":{"x":0.019442042335867883,"y":0.5482161045074463,"z":4.830513000488281},"rotation":{"x":0.0764046460390091,"y":0.6648239493370056,"z":-0.06865157186985016,"w":0.7399044632911682},"size":21.59505844116211,"orthographic":true}