{"cameraMode":{"drawMode":0,"name":"Shaded","section":"Shading Mode"},"sceneLighting":true,"audioPlay":false,"sceneViewState":{"showFog":true,"showMaterialUpdate":false,"showSkybox":true,"showFlares":true,"showImageEffects":true,"showParticleSystems":true},"in2DMode":false,"pivot":{"x":0.34452852606773379,"y":14.25542163848877,"z":-1.315316081047058},"rotation":{"x":0.22384577989578248,"y":0.28590819239616396,"z":-0.06887546181678772,"w":0.9291977286338806},"size":54.910518646240237,"orthographic":true}