{"cameraMode":{"drawMode":0,"name":"Shaded","section":"Shading Mode"},"sceneLighting":false,"audioPlay":false,"sceneViewState":{"showFog":true,"showMaterialUpdate":false,"showSkybox":true,"showFlares":true,"showImageEffects":true,"showParticleSystems":true},"in2DMode":false,"pivot":{"x":0.08086125552654267,"y":8.370084762573243,"z":2.8507657051086427},"rotation":{"x":-0.3145013451576233,"y":0.031602125614881518,"z":-0.010477160103619099,"w":-0.948688268661499},"size":14.306625366210938,"orthographic":false}