{"cameraMode":{"drawMode":0,"name":"Shaded","section":"Shading Mode"},"sceneLighting":false,"audioPlay":false,"sceneViewState":{"showFog":true,"showMaterialUpdate":false,"showSkybox":true,"showFlares":true,"showImageEffects":true,"showParticleSystems":true},"in2DMode":false,"pivot":{"x":-3.665137767791748,"y":-4.073163032531738,"z":7.180386543273926},"rotation":{"x":-0.15407025814056397,"y":-0.6712877154350281,"z":0.1456131488084793,"w":-0.7102528214454651},"size":33.20938491821289,"orthographic":false}