{"cameraMode":{"drawMode":0,"name":"Shaded","section":"Shading Mode"},"sceneLighting":false,"audioPlay":false,"sceneViewState":{"showFog":true,"showMaterialUpdate":false,"showSkybox":true,"showFlares":true,"showImageEffects":true,"showParticleSystems":true},"in2DMode":false,"pivot":{"x":0.0,"y":2.020000457763672,"z":-11.175979614257813},"rotation":{"x":-0.41072165966033938,"y":-0.07589765638113022,"z":0.034339550882577899,"w":-0.907965898513794},"size":69.21622467041016,"orthographic":true}