{"cameraMode":{"drawMode":0,"name":"Shaded","section":"Shading Mode"},"sceneLighting":false,"audioPlay":false,"sceneViewState":{"showFog":true,"showMaterialUpdate":false,"showSkybox":true,"showFlares":true,"showImageEffects":true,"showParticleSystems":true},"in2DMode":false,"pivot":{"x":-0.07726720720529556,"y":1.8832350969314576,"z":-8.262444496154786},"rotation":{"x":-0.15407025814056397,"y":-0.6712877154350281,"z":0.1456131488084793,"w":-0.7102528214454651},"size":26.78046417236328,"orthographic":false}