{"cameraMode":{"drawMode":0,"name":"Shaded","section":"Shading Mode"},"sceneLighting":false,"audioPlay":false,"sceneViewState":{"showFog":true,"showMaterialUpdate":false,"showSkybox":false,"showFlares":true,"showImageEffects":true,"showParticleSystems":true},"in2DMode":false,"pivot":{"x":-0.9439638257026672,"y":2.221295118331909,"z":-1.208737850189209},"rotation":{"x":0.25845685601234438,"y":0.4501644968986511,"z":-0.13792498409748078,"w":0.8435473442077637},"size":1.041658878326416,"orthographic":false}