{"cameraMode":{"drawMode":0,"name":"Shaded","section":"Shading Mode"},"sceneLighting":false,"audioPlay":false,"sceneViewState":{"showFog":true,"showMaterialUpdate":false,"showSkybox":false,"showFlares":true,"showImageEffects":true,"showParticleSystems":true},"in2DMode":false,"pivot":{"x":0.8327615261077881,"y":2.597191333770752,"z":-10.499443054199219},"rotation":{"x":-0.008985541760921479,"y":-0.5554236173629761,"z":0.006009724456816912,"w":-0.8315184712409973},"size":0.8182961344718933,"orthographic":true}