{"cameraMode":{"drawMode":0,"name":"Shaded","section":"Shading Mode"},"sceneLighting":false,"audioPlay":false,"sceneViewState":{"showFog":true,"showMaterialUpdate":false,"showSkybox":true,"showFlares":true,"showImageEffects":true,"showParticleSystems":true},"in2DMode":false,"pivot":{"x":467.08026123046877,"y":147.74725341796876,"z":76.84918212890625},"rotation":{"x":-0.41072165966033938,"y":-0.07589765638113022,"z":0.034339550882577899,"w":-0.907965898513794},"size":156.6742401123047,"orthographic":true}