{"cameraMode":{"drawMode":0,"name":"Shaded","section":"Shading Mode"},"sceneLighting":true,"audioPlay":false,"sceneViewState":{"showFog":true,"showMaterialUpdate":false,"showSkybox":true,"showFlares":true,"showImageEffects":true,"showParticleSystems":true},"in2DMode":false,"pivot":{"x":-16.407133102416993,"y":4.5630340576171879,"z":5.272084712982178},"rotation":{"x":0.21429413557052613,"y":0.6478934288024902,"z":-0.19722434878349305,"w":0.7039060592651367},"size":15.81682300567627,"orthographic":false}