{"cameraMode":{"drawMode":0,"name":"Shaded","section":"Shading Mode"},"sceneLighting":true,"audioPlay":false,"sceneViewState":{"showFog":true,"showMaterialUpdate":true,"showSkybox":true,"showFlares":true,"showImageEffects":true,"showParticleSystems":true},"in2DMode":false,"pivot":{"x":215.39385986328126,"y":39.03839111328125,"z":-144.8762664794922},"rotation":{"x":0.011353030800819397,"y":-0.9118683338165283,"z":-0.02977244183421135,"w":-0.41023093461990359},"size":288.02850341796877,"orthographic":false}