{"cameraMode":{"drawMode":0,"name":"Shaded","section":"Shading Mode"},"sceneLighting":false,"audioPlay":false,"sceneViewState":{"showFog":true,"showMaterialUpdate":true,"showSkybox":false,"showFlares":true,"showImageEffects":true,"showParticleSystems":true},"in2DMode":false,"pivot":{"x":0.8327615261077881,"y":2.597191333770752,"z":-10.499443054199219},"rotation":{"x":-0.06797899305820465,"y":0.7375072836875916,"z":-0.07747402042150498,"w":-0.6680583953857422},"size":22.0,"orthographic":false}