{"cameraMode":{"drawMode":0,"name":"Shaded","section":"Shading Mode"},"sceneLighting":false,"audioPlay":false,"sceneViewState":{"showFog":true,"showMaterialUpdate":true,"showSkybox":false,"showFlares":true,"showImageEffects":true,"showParticleSystems":true},"in2DMode":false,"pivot":{"x":-0.001999989151954651,"y":3.0900001525878908,"z":-10.543999671936036},"rotation":{"x":-0.06797899305820465,"y":0.7375072836875916,"z":-0.07747402042150498,"w":-0.6680583953857422},"size":4.041658401489258,"orthographic":false}