{"cameraMode":{"drawMode":0,"name":"Shaded","section":"Shading Mode"},"sceneLighting":true,"audioPlay":false,"sceneViewState":{"showFog":true,"showMaterialUpdate":true,"showSkybox":false,"showFlares":true,"showImageEffects":true,"showParticleSystems":true},"in2DMode":false,"pivot":{"x":6.855679988861084,"y":4.262786388397217,"z":2.164149045944214},"rotation":{"x":-0.024984968826174737,"y":0.9464876055717468,"z":-0.3143433630466461,"w":-0.073388010263443},"size":1.589935541152954,"orthographic":false}