{"cameraMode":{"drawMode":0,"name":"Shaded","section":"Shading Mode"},"sceneLighting":true,"audioPlay":false,"sceneViewState":{"showFog":true,"showMaterialUpdate":true,"showSkybox":true,"showFlares":true,"showImageEffects":true,"showParticleSystems":true},"in2DMode":false,"pivot":{"x":0.5009212493896484,"y":-4.498317718505859,"z":9.530174255371094},"rotation":{"x":-0.11397924274206162,"y":0.8684976696968079,"z":-0.2328915148973465,"w":-0.42321357131004336},"size":38.7464485168457,"orthographic":false}