{"cameraMode":{"drawMode":0,"name":"Shaded","section":"Shading Mode"},"sceneLighting":true,"audioPlay":false,"sceneViewState":{"showFog":true,"showMaterialUpdate":true,"showSkybox":true,"showFlares":true,"showImageEffects":true,"showParticleSystems":true},"in2DMode":false,"pivot":{"x":-3.8454856872558595,"y":-5.032466888427734,"z":18.39580726623535},"rotation":{"x":-0.18190835416316987,"y":0.8161656260490418,"z":-0.35089385509490969,"w":-0.4222268760204315},"size":68.3583755493164,"orthographic":false}