{"cameraMode":{"drawMode":0,"name":"Shaded","section":"Shading Mode"},"sceneLighting":true,"audioPlay":false,"sceneViewState":{"showFog":true,"showMaterialUpdate":true,"showSkybox":true,"showFlares":true,"showImageEffects":true,"showParticleSystems":true},"in2DMode":false,"pivot":{"x":285.9019470214844,"y":284.8354187011719,"z":-278.25128173828127},"rotation":{"x":-0.048909369856119159,"y":-0.006099847611039877,"z":-0.001680200221017003,"w":-0.9991884231567383},"size":625.393310546875,"orthographic":false}