{"cameraMode":{"drawMode":0,"name":"Shaded","section":"Shading Mode"},"sceneLighting":false,"audioPlay":false,"sceneViewState":{"showFog":true,"showMaterialUpdate":true,"showSkybox":false,"showFlares":true,"showImageEffects":true,"showParticleSystems":true},"in2DMode":false,"pivot":{"x":-40.91334533691406,"y":-2.627444267272949,"z":-8.436716079711914},"rotation":{"x":-0.06797899305820465,"y":0.7375072836875916,"z":-0.07747402042150498,"w":-0.6680583953857422},"size":28.649723052978517,"orthographic":false}