{"cameraMode":{"drawMode":0,"name":"Shaded","section":"Shading Mode"},"sceneLighting":true,"audioPlay":false,"sceneViewState":{"showFog":true,"showMaterialUpdate":true,"showSkybox":false,"showFlares":true,"showImageEffects":true,"showParticleSystems":true},"in2DMode":false,"pivot":{"x":13.413723945617676,"y":1.9787020683288575,"z":10.788894653320313},"rotation":{"x":-0.2015969157218933,"y":0.5449273586273193,"z":-0.13623812794685365,"w":-0.8028150200843811},"size":0.9882304072380066,"orthographic":false}