{"cameraMode":{"drawMode":0,"name":"Shaded","section":"Shading Mode"},"sceneLighting":false,"audioPlay":false,"sceneViewState":{"showFog":true,"showMaterialUpdate":true,"showSkybox":false,"showFlares":true,"showImageEffects":true,"showParticleSystems":true},"in2DMode":false,"pivot":{"x":-2.1915435791015627,"y":-3.2961807250976564,"z":-10.837691307067871},"rotation":{"x":-0.15175513923168183,"y":0.8088884353637695,"z":-0.24160024523735047,"w":-0.5149223208427429},"size":11.422303199768067,"orthographic":false}