{"cameraMode":{"drawMode":0,"name":"Shaded","section":"Shading Mode"},"sceneLighting":true,"audioPlay":false,"sceneViewState":{"showFog":true,"showMaterialUpdate":true,"showSkybox":true,"showFlares":true,"showImageEffects":true,"showParticleSystems":true},"in2DMode":false,"pivot":{"x":644.9651489257813,"y":242.5192413330078,"z":-763.0255126953125},"rotation":{"x":0.021607285365462304,"y":-0.00780280027538538,"z":0.00016850614338181913,"w":0.9997397661209106},"size":27.254819869995118,"orthographic":false}