{"cameraMode":{"drawMode":0,"name":"Shaded","section":"Shading Mode"},"sceneLighting":true,"audioPlay":false,"sceneViewState":{"showFog":true,"showMaterialUpdate":true,"showSkybox":true,"showFlares":true,"showImageEffects":true,"showParticleSystems":true},"in2DMode":false,"pivot":{"x":-63.384117126464847,"y":163.37477111816407,"z":-258.1971740722656},"rotation":{"x":0.06128893420100212,"y":-0.2640487849712372,"z":-0.015788592398166658,"w":-0.9628099799156189},"size":25.678632736206056,"orthographic":false}