{"cameraMode":{"drawMode":0,"name":"Shaded","section":"Shading Mode"},"sceneLighting":true,"audioPlay":false,"sceneViewState":{"showFog":true,"showMaterialUpdate":true,"showSkybox":true,"showFlares":true,"showImageEffects":true,"showParticleSystems":true},"in2DMode":false,"pivot":{"x":-74.51775360107422,"y":146.21116638183595,"z":-258.6009216308594},"rotation":{"x":-0.2820901870727539,"y":-0.04200967773795128,"z":0.013484343886375428,"w":-0.9587540626525879},"size":25.678632736206056,"orthographic":false}