{"cameraMode":{"drawMode":0,"name":"Shaded","section":"Shading Mode"},"sceneLighting":true,"audioPlay":false,"sceneViewState":{"showFog":true,"showMaterialUpdate":false,"showSkybox":true,"showFlares":true,"showImageEffects":true,"showParticleSystems":true},"in2DMode":false,"pivot":{"x":546.4199829101563,"y":293.00848388671877,"z":-752.6475830078125},"rotation":{"x":-0.060573313385248187,"y":0.0027079302817583086,"z":-0.00015248358249664307,"w":-0.9981771111488342},"size":3.893254041671753,"orthographic":false}