{"cameraMode":{"drawMode":0,"name":"Shaded","section":"Shading Mode"},"sceneLighting":true,"audioPlay":false,"sceneViewState":{"showFog":true,"showMaterialUpdate":true,"showSkybox":true,"showFlares":true,"showImageEffects":true,"showParticleSystems":true},"in2DMode":false,"pivot":{"x":511.0516357421875,"y":484.20086669921877,"z":-600.0914916992188},"rotation":{"x":-0.16479778289794923,"y":0.06407897174358368,"z":-0.011132359504699707,"w":-0.9843809008598328},"size":4.34539270401001,"orthographic":false}