{"cameraMode":{"drawMode":0,"name":"Shaded","section":"Shading Mode"},"sceneLighting":true,"audioPlay":false,"sceneViewState":{"showFog":true,"showMaterialUpdate":true,"showSkybox":true,"showFlares":true,"showImageEffects":true,"showParticleSystems":true},"in2DMode":false,"pivot":{"x":-63.64209747314453,"y":172.3507843017578,"z":-261.4533386230469},"rotation":{"x":0.2347278892993927,"y":-0.28597795963287356,"z":-0.07145903259515763,"w":-0.9266837239265442},"size":25.678632736206056,"orthographic":false}