{"cameraMode":{"drawMode":0,"name":"Shaded","section":"Shading Mode"},"sceneLighting":true,"audioPlay":false,"sceneViewState":{"showFog":true,"showMaterialUpdate":true,"showSkybox":true,"showFlares":true,"showImageEffects":true,"showParticleSystems":true},"in2DMode":false,"pivot":{"x":-154.20706176757813,"y":-176.99224853515626,"z":-38.147216796875},"rotation":{"x":-0.3197683095932007,"y":0.5955948829650879,"z":-0.27958884835243227,"w":-0.6820995807647705},"size":443.07965087890627,"orthographic":false}