{"cameraMode":{"drawMode":0,"name":"Shaded","section":"Shading Mode"},"sceneLighting":false,"audioPlay":false,"sceneViewState":{"showFog":true,"showMaterialUpdate":true,"showSkybox":false,"showFlares":true,"showImageEffects":true,"showParticleSystems":true},"in2DMode":false,"pivot":{"x":11.51907730102539,"y":1.4243124723434449,"z":-4.197759628295898},"rotation":{"x":0.01824517734348774,"y":0.7292395830154419,"z":-0.020321497693657876,"w":0.684220016002655},"size":19.855745315551759,"orthographic":false}