{"cameraMode":{"drawMode":0,"name":"Shaded","section":"Shading Mode"},"sceneLighting":true,"audioPlay":false,"sceneViewState":{"showFog":true,"showMaterialUpdate":true,"showSkybox":true,"showFlares":true,"showImageEffects":true,"showParticleSystems":true},"in2DMode":false,"pivot":{"x":-177.0951690673828,"y":-93.21881103515625,"z":-115.84613037109375},"rotation":{"x":-0.14163517951965333,"y":-0.5721229314804077,"z":0.10171419382095337,"w":-0.8019181489944458},"size":210.19088745117188,"orthographic":false}