{"cameraMode":{"drawMode":0,"name":"Shaded","section":"Shading Mode"},"sceneLighting":true,"audioPlay":false,"sceneViewState":{"showFog":true,"showMaterialUpdate":true,"showSkybox":true,"showFlares":true,"showImageEffects":true,"showParticleSystems":true},"in2DMode":false,"pivot":{"x":-158.2397918701172,"y":-92.7037353515625,"z":-166.57623291015626},"rotation":{"x":0.06234033405780792,"y":-0.9302775263786316,"z":0.19098927080631257,"w":0.30826616287231448},"size":288.02850341796877,"orthographic":false}