{"cameraMode":{"drawMode":0,"name":"Shaded","section":"Shading Mode"},"sceneLighting":true,"audioPlay":false,"sceneViewState":{"showFog":true,"showMaterialUpdate":true,"showSkybox":true,"showFlares":true,"showImageEffects":true,"showParticleSystems":true},"in2DMode":false,"pivot":{"x":267.1595153808594,"y":267.5820007324219,"z":-534.96923828125},"rotation":{"x":0.03269398584961891,"y":0.016149144619703294,"z":-0.0007381177274510264,"w":0.9995651841163635},"size":34.808998107910159,"orthographic":false}