{"cameraMode":{"drawMode":0,"name":"Shaded","section":"Shading Mode"},"sceneLighting":true,"audioPlay":false,"sceneViewState":{"showFog":true,"showMaterialUpdate":true,"showSkybox":true,"showFlares":true,"showImageEffects":true,"showParticleSystems":true},"in2DMode":false,"pivot":{"x":470.0770568847656,"y":280.15704345703127,"z":-414.5635070800781},"rotation":{"x":-0.01023486815392971,"y":-0.01861453242599964,"z":-0.0017074978677555919,"w":-1.0001864433288575},"size":450.8021545410156,"orthographic":false}