{"cameraMode":{"drawMode":0,"name":"Shaded","section":"Shading Mode"},"sceneLighting":false,"audioPlay":false,"sceneViewState":{"showFog":true,"showMaterialUpdate":true,"showSkybox":false,"showFlares":true,"showImageEffects":true,"showParticleSystems":true},"in2DMode":false,"pivot":{"x":-7.240113258361816,"y":-2.6966044902801515,"z":-9.88769817352295},"rotation":{"x":-0.12013959139585495,"y":0.7356862425804138,"z":-0.13836607336997987,"w":-0.6527203917503357},"size":12.998351097106934,"orthographic":false}