{"cameraMode":{"drawMode":0,"name":"Shaded","section":"Shading Mode"},"sceneLighting":true,"audioPlay":false,"sceneViewState":{"showFog":true,"showMaterialUpdate":true,"showSkybox":true,"showFlares":true,"showImageEffects":true,"showParticleSystems":true},"in2DMode":false,"pivot":{"x":-0.0011646212078630925,"y":0.1291114240884781,"z":-0.0022190003655850889},"rotation":{"x":-0.15363211929798127,"y":0.6789999008178711,"z":-0.15125024318695069,"w":-0.7023608088493347},"size":16.50481605529785,"orthographic":false}