{"cameraMode":{"drawMode":0,"name":"Shaded","section":"Shading Mode"},"sceneLighting":true,"audioPlay":false,"sceneViewState":{"showFog":true,"showMaterialUpdate":true,"showSkybox":true,"showFlares":true,"showImageEffects":true,"showParticleSystems":true},"in2DMode":false,"pivot":{"x":-125.75038146972656,"y":-50.680423736572269,"z":-16.877105712890626},"rotation":{"x":-0.12939804792404176,"y":0.7185107469558716,"z":-0.1419629156589508,"w":-0.66908198595047},"size":157.88746643066407,"orthographic":false}