{"cameraMode":{"drawMode":0,"name":"Shaded","section":"Shading Mode"},"sceneLighting":true,"audioPlay":false,"sceneViewState":{"showFog":true,"showMaterialUpdate":true,"showSkybox":true,"showFlares":true,"showImageEffects":true,"showParticleSystems":true},"in2DMode":false,"pivot":{"x":-6.900358200073242,"y":0.2887769043445587,"z":7.291114807128906},"rotation":{"x":0.14421045780181886,"y":-0.8118600845336914,"z":0.22414690256118775,"w":0.5201112627983093},"size":25.678632736206056,"orthographic":false}