{"cameraMode":{"drawMode":0,"name":"Shaded","section":"Shading Mode"},"sceneLighting":true,"audioPlay":false,"sceneViewState":{"showFog":true,"showMaterialUpdate":true,"showSkybox":false,"showFlares":true,"showImageEffects":true,"showParticleSystems":true},"in2DMode":false,"pivot":{"x":7.106852054595947,"y":3.43870210647583,"z":-0.31146669387817385},"rotation":{"x":-0.018603438511490823,"y":0.9612089395523071,"z":-0.26877832412719729,"w":-0.06441664695739746},"size":1.589935541152954,"orthographic":false}