{"cameraMode":{"drawMode":0,"name":"Shaded","section":"Shading Mode"},"sceneLighting":false,"audioPlay":false,"sceneViewState":{"showFog":true,"showMaterialUpdate":true,"showSkybox":false,"showFlares":true,"showImageEffects":true,"showParticleSystems":true},"in2DMode":false,"pivot":{"x":-6.9033989906311039,"y":-6.113795757293701,"z":-4.302058696746826},"rotation":{"x":-0.2766703963279724,"y":0.5854353904724121,"z":-0.22458986937999726,"w":-0.7287806868553162},"size":22.848731994628908,"orthographic":false}