{"cameraMode":{"drawMode":0,"name":"Shaded","section":"Shading Mode"},"sceneLighting":false,"audioPlay":false,"sceneViewState":{"showFog":true,"showMaterialUpdate":true,"showSkybox":false,"showFlares":true,"showImageEffects":true,"showParticleSystems":true},"in2DMode":false,"pivot":{"x":11.489888191223145,"y":10.354567527770996,"z":2.1928460597991945},"rotation":{"x":-0.11959933489561081,"y":0.759498119354248,"z":-0.1464659869670868,"w":-0.6227373480796814},"size":22.0,"orthographic":false}