{"cameraMode":{"drawMode":0,"name":"Shaded","section":"Shading Mode"},"sceneLighting":true,"audioPlay":false,"sceneViewState":{"showFog":true,"showMaterialUpdate":true,"showSkybox":true,"showFlares":true,"showImageEffects":true,"showParticleSystems":true},"in2DMode":false,"pivot":{"x":36.0693244934082,"y":-33.99747085571289,"z":66.86417388916016},"rotation":{"x":0.05554500222206116,"y":-0.9231494069099426,"z":0.14929160475730897,"w":0.35112056136131289},"size":22.0,"orthographic":false}