{"cameraMode":{"drawMode":0,"name":"Shaded","section":"Shading Mode"},"sceneLighting":true,"audioPlay":false,"sceneViewState":{"showFog":true,"showMaterialUpdate":true,"showSkybox":true,"showFlares":true,"showImageEffects":true,"showParticleSystems":true},"in2DMode":false,"pivot":{"x":37.254661560058597,"y":-21.457252502441408,"z":53.311744689941409},"rotation":{"x":0.018515830859541894,"y":-0.948327898979187,"z":0.31338128447532656,"w":0.05386689677834511},"size":115.18589782714844,"orthographic":false}