{"cameraMode":{"drawMode":0,"name":"Shaded","section":"Shading Mode"},"sceneLighting":false,"audioPlay":false,"sceneViewState":{"showFog":true,"showMaterialUpdate":true,"showSkybox":false,"showFlares":true,"showImageEffects":true,"showParticleSystems":true},"in2DMode":false,"pivot":{"x":-18.957929611206056,"y":6.149241924285889,"z":1.119999885559082},"rotation":{"x":-0.04644204303622246,"y":0.9512591361999512,"z":-0.17418226599693299,"w":-0.2514968812465668},"size":18.468080520629884,"orthographic":false}