{"cameraMode":{"drawMode":0,"name":"Shaded","section":"Shading Mode"},"sceneLighting":false,"audioPlay":false,"sceneViewState":{"showFog":true,"showMaterialUpdate":true,"showSkybox":false,"showFlares":true,"showImageEffects":true,"showParticleSystems":true},"in2DMode":false,"pivot":{"x":0.732234001159668,"y":-0.3010568618774414,"z":1.002000331878662},"rotation":{"x":-0.06797899305820465,"y":0.7375072836875916,"z":-0.07747402042150498,"w":-0.6680583953857422},"size":7.0600762367248539,"orthographic":false}