{"cameraMode":{"drawMode":0,"name":"Shaded","section":"Shading Mode"},"sceneLighting":false,"audioPlay":false,"sceneViewState":{"showFog":true,"showMaterialUpdate":true,"showSkybox":false,"showFlares":true,"showImageEffects":true,"showParticleSystems":true},"in2DMode":false,"pivot":{"x":0.9564762115478516,"y":-0.7633593678474426,"z":1.137346625328064},"rotation":{"x":-0.19956430792808534,"y":0.7407009601593018,"z":-0.25024551153182986,"w":-0.5906900763511658},"size":1.7089409828186036,"orthographic":false}