{"cameraMode":{"drawMode":0,"name":"Shaded","section":"Shading Mode"},"sceneLighting":true,"audioPlay":false,"sceneViewState":{"showFog":true,"showMaterialUpdate":true,"showSkybox":true,"showFlares":true,"showImageEffects":true,"showParticleSystems":true},"in2DMode":false,"pivot":{"x":-10.971863746643067,"y":5.598867416381836,"z":8.305926322937012},"rotation":{"x":-0.10285553336143494,"y":0.7858015298843384,"z":-0.13594776391983033,"w":-0.5945217609405518},"size":19.165184020996095,"orthographic":false}