{"cameraMode":{"drawMode":0,"name":"Shaded","section":"Shading Mode"},"sceneLighting":false,"audioPlay":false,"sceneViewState":{"showFog":true,"showMaterialUpdate":true,"showSkybox":false,"showFlares":true,"showImageEffects":true,"showParticleSystems":true},"in2DMode":false,"pivot":{"x":-19.059356689453126,"y":5.853000640869141,"z":-1.1926186084747315},"rotation":{"x":-0.03054918348789215,"y":0.9703133702278137,"z":-0.18065565824508668,"w":-0.1599287986755371},"size":18.468080520629884,"orthographic":false}