{"cameraMode":{"drawMode":0,"name":"Shaded","section":"Shading Mode"},"sceneLighting":false,"audioPlay":false,"sceneViewState":{"showFog":true,"showMaterialUpdate":false,"showSkybox":false,"showFlares":true,"showImageEffects":true,"showParticleSystems":true},"in2DMode":false,"pivot":{"x":0.03893674537539482,"y":3.492898941040039,"z":-9.995089530944825},"rotation":{"x":0.0012834155932068825,"y":0.9344136714935303,"z":0.0033528036437928678,"w":-0.3562028408050537},"size":7.463648319244385,"orthographic":false}