{"cameraMode":{"drawMode":0,"name":"Shaded","section":"Shading Mode"},"sceneLighting":false,"audioPlay":false,"sceneViewState":{"showFog":true,"showMaterialUpdate":false,"showSkybox":false,"showFlares":true,"showImageEffects":true,"showParticleSystems":true},"in2DMode":false,"pivot":{"x":2.347136974334717,"y":2.67358660697937,"z":-9.638191223144532},"rotation":{"x":-0.02757740020751953,"y":0.15293535590171815,"z":-0.004271877929568291,"w":-0.9878500699996948},"size":2.102173328399658,"orthographic":false}