{"cameraMode":{"drawMode":0,"name":"Shaded","section":"Shading Mode"},"sceneLighting":false,"audioPlay":false,"sceneViewState":{"showFog":true,"showMaterialUpdate":false,"showSkybox":false,"showFlares":true,"showImageEffects":true,"showParticleSystems":true},"in2DMode":false,"pivot":{"x":6.1553263664245609,"y":1.733081579208374,"z":0.981701672077179},"rotation":{"x":-0.0773400217294693,"y":0.6984776258468628,"z":-0.07637536525726319,"w":-0.7073369026184082},"size":1.551277995109558,"orthographic":false}