{"cameraMode":{"drawMode":0,"name":"Shaded","section":"Shading Mode"},"sceneLighting":true,"audioPlay":false,"sceneViewState":{"showFog":true,"showMaterialUpdate":false,"showSkybox":true,"showFlares":true,"showImageEffects":true,"showParticleSystems":true},"in2DMode":false,"pivot":{"x":298.35919189453127,"y":302.64630126953127,"z":-507.26165771484377},"rotation":{"x":0.04229871183633804,"y":-0.004194857552647591,"z":0.00012577694724313915,"w":0.9991415739059448},"size":10.0,"orthographic":false}