{"cameraMode":{"drawMode":0,"name":"Shaded","section":"Shading Mode"},"sceneLighting":true,"audioPlay":false,"sceneViewState":{"showFog":true,"showMaterialUpdate":false,"showSkybox":true,"showFlares":true,"showImageEffects":true,"showParticleSystems":true},"in2DMode":false,"pivot":{"x":406.03594970703127,"y":342.09619140625,"z":-596.2042236328125},"rotation":{"x":0.07066371291875839,"y":0.049657754600048068,"z":-0.003557207528501749,"w":0.9962964653968811},"size":10.0,"orthographic":false}