{"cameraMode":{"drawMode":0,"name":"Shaded","section":"Shading Mode"},"sceneLighting":true,"audioPlay":false,"sceneViewState":{"showFog":true,"showMaterialUpdate":false,"showSkybox":true,"showFlares":true,"showImageEffects":true,"showParticleSystems":true},"in2DMode":false,"pivot":{"x":404.78924560546877,"y":342.3639831542969,"z":-596.1241455078125},"rotation":{"x":0.05727599933743477,"y":-0.013176925480365754,"z":0.0007180842803791165,"w":0.9983102083206177},"size":10.0,"orthographic":false}