{"cameraMode":{"drawMode":0,"name":"Shaded","section":"Shading Mode"},"sceneLighting":true,"audioPlay":false,"sceneViewState":{"showFog":true,"showMaterialUpdate":false,"showSkybox":true,"showFlares":true,"showImageEffects":true,"showParticleSystems":true},"in2DMode":false,"pivot":{"x":212.43589782714845,"y":232.87823486328126,"z":98.31344604492188},"rotation":{"x":-0.019208457320928575,"y":-0.007457136642187834,"z":0.00010148026194656268,"w":-0.9999299049377441},"size":795.4500732421875,"orthographic":false}